{
  "tasks": [
    {
      "id": 10,
      "title": "Implement Codebase Reorganization",
      "status": "done",
      "dependencies": [],
      "priority": "medium",
      "description": "Reorganize the existing codebase into a clean, structured, and maintainable layout following the specifications in the Codebase Reorganization PRD.",
      "completedDate": "2024-03-19"
    },
    {
      "id": 17,
      "title": "Task #97: Implement Building Clustering and Settlement Logic for POI Integration",
      "status": "done",
      "dependencies": [],
      "priority": "medium",
      "description": "Develop an algorithm to group buildings into realistic clusters that form believable towns and cities, integrating with the existing Points of Interest (POI) system to create cohesive settlements with appropriate density and distribution patterns.",
      "completedDate": "2024-03-19"
    },
    {
      "id": 26,
      "title": "Implement Performance Optimization System",
      "status": "done",
      "dependencies": [116],
      "priority": "high",
      "description": "Create a system to optimize building generation performance, ensuring it meets the target of < 2 seconds per building and < 5 seconds per POI layout.",
      "completedDate": "2024-03-19"
    },
    {
      "id": 27,
      "title": "Develop Sprite System",
      "status": "done",
      "dependencies": [],
      "priority": "medium",
      "description": "Implement the dual animation layer sprite system with region/world layer and POI/building layer as specified in the PRD.",
      "completedDate": "2024-03-19"
    }
  ],
  "stats": {
    "total": 4,
    "completed": 4,
    "timestamp": "2024-03-19T00:00:00Z"
  }
} 