System,Component/Module/File,Nature of Interaction,Integration Type,Data Flow Direction,Update Frequency,Current Implementation Status
Dialogue System,src/systems/npc/InteractionSystem.ts,Reads and updates reputation based on dialogue outcomes,Direct API call,Bidirectional,Event-based,Implemented
Dialogue System,src/quests/factions/FactionQuestSystem.ts,Determines dialogue tone and options based on faction reputation,Direct API call,Read,Event-based,Implemented
Quest System,src/poi/models/SocialPOI.ts,Adjusts faction reputation as quest reward,Direct API call,Write,Event-based,Implemented
Quest System,src/quests/QuestBranchingSystem.ts,Calculates branch weights and requirements using player reputation,Direct API call,Read,Event-based,Implemented
Quest System,src/quests/factions/FactionQuestSystem.ts,Updates player/faction reputation on quest completion,Direct API call,Write,Event-based,Implemented
Combat System,docs/reputation_audit_template.md,Modifies reputation for combat actions (kill, assist, property damage),Event-based,Write,Event-based,Planned/Documented
AI System,src/systems/npc/ReputationSystem.ts,AI uses reputation to modify NPC behavior,Direct API call,Read,Real-time,Implemented
Economy System,src/systems/economy/EconomicAgentSystem.ts,Updates agent reputation based on trades,Direct API call,Write,Event-based,Implemented
Economy System,src/systems/economy/EconomicTypes.ts,Stores reputation as part of agent state,Data structure,Read/Write,Real-time,Implemented
Faction System,src/quests/factions/FactionQuestSystem.ts,Tracks and updates faction reputation,Direct API call,Read/Write,Event-based,Implemented
Faction System,src/poi/models/SocialPOI.ts,Adjusts player reputation with factions at POIs,Direct API call,Write,Event-based,Implemented
POI System,src/poi/models/SocialPOI.ts,Stores and updates player reputation for POIs,Direct API call,Read/Write,Event-based,Implemented
Group System,src/systems/npc/GroupManager.ts,Updates group reputation,Direct API call,Write,Event-based,Implemented
Region System,docs/interaction_system/source_materials/tasks_478-482.json,Planned support for region reputation,Planned,Read/Write,Event-based,Planned 